0;0;-0,167271307864228;0,52727839730356;-0,0435801140700476;0,625318919384771;0,917866114020756;0,449779835943214;0,639398406939516;0,526793296030063;1,01258041484843;-1,67439212693558;1,43652375490564;-1,28167615662272;1,12312180928234;1,54263035562382;0,783289405131669;-0,298448497225168;0,559626945763451;1,45356915668522;-1,50252002250435;-0,736744916935864;-1,33579068510771;-2,25711898519457;0,850080249381294;-1,82729697944214;0,686409809780932;0,353438529526387;-1,06989006194692;0,568238946056723;0,977788868365568;0,917941372203752;-0,0862815979059781;1,19051270352807;0,421845608490341;0,749583080804639;1,3853762001072;-1,85204393414155;0,547576254596134;-0,28325833935908;1,43455608926774;1,09311087018424;-0,708988192427205;0,544190329896829;1,61963268848887;-0,634065289789982;-1,13672668720415;0,75689305054289;-2,23541837185003;-0,902059687102436;0,942751112941888;0,0691856116189864;-0,0410815968045464;-0,237896347902094;0,512674047049476;1,12372782330074;1,7098802297441;-0,253212307746906;1,44838176772862;-0,55934311970516;1,7100927294102;-1,77863240058288;-0,823390087187119;-2,27190052419446;1,32018804747085;-2,24842094243257;0,183073090776754;-2,09704893369968;0,0676618546932948;-1,96952125659955;-2,18580582956063;0,292273354195968;0,925158867985055;-1,50017469995472
0;0;-2,29606799259633;-0,742419396354974;1,91800674512296;-0,000975883923984789;-2,06971465808701;-0,778128843987369;1,23130388235644;1,87374026891352;0,366398805855135;1,77288452468729;1,55875345497749;-1,3744149676076;-1,32217801526427;-2,15868704647847;-1,61349684423857;1,21958425259618;0,951855461744807;-0,618119402581408;-1,47261659914612;-1,16895109014941;-0,118432049975237;1,01323271209148;-0,330190361937681;-0,696523118637038;1,14279746004828;1,69170066898607;1,10017399482563;-1,32083190888769;-1,60169369206858;1,67128323790362;-0,985751086680739;-1,64184389040007;1,05993942256432;-0,804084226273679;-0,154426195111678;-0,930452147497434;1,30472946112664;-0,431539467772275;-0,39664751118251;0,0746900362576852;0,247699710270384;-2,30603546197673;-0,150630428203854;-0,567444747442003;-1,8540316959945;0,538162048979009;1,05122561306146;0,144334984931694;1,4993722391729;0,90902298704606;-0,933856004765959;0,412038903059938;-0,428599375338151;-0,0765687500337849;0,622694371460253;-1,36253682013812;1,53453485013239;0,298763529938875;0,802990540577421;-1,81465144252339;0,0684610457366826;0,236369457423004;1,15966762716098;0,641879452501204;0,442869277546912;0,884831011556436;-0,487590505622234;1,42867009555909;-0,0574969668171064;1,26371918780855;1,86161867601922;-0,93237140430404
0;0;1,79120860105851;0,586368260767331;0,705100569899353;0,106898199204202;-0,823416519813047;-1,66546385073972;-0,82919117144824;-1,33160966426612;-1,29904071093414;-1,01245656812593;-0,57036584900005;-0,289121908843275;0,486330111499924;0,722240161133893;0,88994419326652;-0,848275099464853;0,695897025628438;-0,78320701798673;-0,247565474113607;-0,966904181463495;0,870601193626425;-0,592468372957079;-1,87540609034856;-1,87077036431632;-1,15695717747566;1,2722829895026;1,07435544196895;-0,496447550127158;-0,9489232662744;1,64946991862827;-1,69765366725563;-1,66691904866604;1,12680645814628;1,99112006338119;0,79906230461883;1,23998020737642;1,44115254722308;-1,19873185040789;1,80105777622356;1,40225699302013;-0,557011704196277;0,403618527172554;1,86582689061024;-0,583031608488981;-0,872537076105455;-0,314742149580362;-1,56072949370862;1,89604756870358;-1,74356354205855;-1,25251989867369;-1,05530752222662;-0,926744364087176;-0,261742669023218;1,00093179422914;0,497948996449131;0,502610344830695;0,580707721931001;0,694804305030787;-0,61721125250503;-0,103230328682982;-0,747350112076007;1,65972555931158;1,60978278264094;-0,956041448929745;-1,19586953005519;-0,784513429518898;0,576540813643109;0,487679228751394;1,91564703714772;1,64243316652276;-0,296958466055273;0,013562246851443
0;0;-0,949335245866999;0,0529692512629802;1,38294689563796;-1,83134078693932;-0,814217407765836;0,436376244663216;0,751878906135796;0,919227708108338;0,706517630817517;0,941241047542395;-0,994551701267871;-2,00659243378358;0,568969752345961;0,995711881067862;0,315382314747111;-2,1972211361517;-0,730627325125374;-2,01425597521484;-1,62508627048295;-1,5316867956845;1,19885459570409;-0,289653661937681;-0,026518816697177;-0,555116698431757;0,528847331542189;0,694564164033444;-1,67489305989072;1,72819086322074;0,866596303452069;-0,374563604036498;1,80158422252963;-1,80929147856543;0,797649727428759;0,676112579650864;1,46333327389193;1,17432500730295;1,19872125659401;-0,28134635174515;-1,2934698606108;1,69454982829627;1,5014298062166;-0,0732172907045581;0,690800637759466;-0,234820587078432;0,128013029830485;1,08648398259023;-0,0863964565272197;-0,770383743441093;0,351175910111779;0,168833402073168;-1,39307540440902;1,42222461227003;0,739999377763037;-1,43363651045932;0,323738096234876;1,16292548270069;-2,25274915004389;-0,394173623934333;-0,537581051851504;0,313825494830726;-0,220967913450116;0,84629510954506;-2,27960581334778;-1,25115598315004;0,962263891642768;-1,51749744070649;-0,981635094582329;1,7154642393251;1,35498567380594;0,963664374074168;-1,57333532611571;1,37332609324978
0;0;1,31099055716509;-1,25749624367969;-0,974324244373353;-0,825736559406565;1,05435615730663;-1,87707831394676;1,34820699207875;1,47223389412572;-1,31111001757371;1,12941385138263;-0,722019575624807;-1,3933357115845;-1,07633422305415;-1,70801899671648;-0,496151187452324;0,12227098853111;-1,73468884781947;-1,7860483968029;1,30408814090294;-0,50866184142685;-1,82970539974455;0,434838683150445;-0,189808284763278;-1,43546587754301;0,0976641611393821;-0,163678299357007;0,840256936929925;-0,45666097593683;-0,0389898388275459;0,242546510924275;-0,0771825561323612;1,41802293222689;-0,361132007168615;-0,710725256742778;-1,76628614578945;0,127946072950023;1,80283538802977;-0,715211581124402;-1,76592140205766;1,89604676911058;0,507622665637565;0,241863809845193;-0,239634912315487;0,897597899920684;-0,302476749853797;1,38576127830505;-2,02110801304215;0,798136553509555;1,2417811745364;1,15296069602319;1,56920687527987;1,26429944342128;1,89371546560104;1,19910631471292;1,32608258890686;-1,20679455508869;0,955667541537331;-1,62180479593368;1,09995477990779;-0,8649119724397;-0,693979750422941;-0,278078461087759;-0,571722696150072;0,46969897195576;-0,876350021588346;-0,116687007397951;0,991151796037854;1,65774653414236;-2,02467928003037;1,39925824005139;0,342791100955081;1,00387823375867
0;0;1,95050724975544;1,39930804563849;0,990292396581268;-0,0269162608460362;-1,3380954663023;0,921736881626647;0,877798630512995;0,728287139107851;-0,197821943972633;-1,9476325517025;0,332747888501938;0,820964627636543;0,691115304051176;0,676828452735509;1,51137910849657;0,465965143141045;0,00659086785509773;1,43060363018927;1,17205183529075;1,31284153344052;0,220235239329812;1,10140819924905;0,508341815939048;-1,23088116908889;-1,20400193058467;1,28616784153061;-0,278291604468868;1,79082182952603;-1,60786171816563;-1,57620865222145;0,732731788613928;1,81811294824524;-1,20729555491983;-1,44330232830021;1,25764049604373;-1,54259563990226;-1,80312673981315;-0,663523277373652;-1,79383171303116;-1,96922641035976;-0,451620728002671;-1,63669550076303;1,35358299211204;-0,689982848340888;1,38867295437076;0,617407046235395;1,75110218914762;0,467907245950577;0,36560997443038;-1,47925073544458;-0,377333327511336;-1,39276397620944;-1,79195599506804;1,00704708986313;-1,22125358034386;-1,13913412637985;-1,09726694718679;0,232940388783918;-0,811147507147601;-0,654355271489867;-0,788204690790722;1,05688483733;0,347915680387248;-0,609846468637416;-0,710456303973391;0,484542976599739;0,0400270056701397;0,14618445546515;1,38909599303482;1,06574157151259;0,280858706067956;-1,31811903165749
0;0;1,38484517778571;1,29347004584084;-0,21941034437455;-0,117803630284394;1,91396376171375;-0,841496722464545;-0,687372805077298;0,189649364004936;1,68017815644011;1,3711175734469;-0,592187311683863;2,04973881622232;0,873705160370886;0,177302443492368;1,80858917704246;-0,242116135332086;1,94706702540097;0,475390545788549;1,70172134825231;-0,0462224679234746;-1,99603305962805;0,938974162603267;0,893323155384313;0,533475583848917;0,0103186346967237;-0,000780129749448647;-2,13574956132893;-1,16476531988801;-1,5238064540504;-0,394721925721666;1,17883422826015;1,42173744204547;0,25700685110549;-1,12448707627511;-0,697714970818997;-1,04498217320857;-0,805792213644888;0,993393818540826;-0,948138630674554;1,85332657390309;-1,18843786719302;1,13657579883313;-0,181665700757179;-0,0196822609877016;-0,378252262973969;0,550094430452438;0,673714698915589;1,25956477209406;0,941373614596162;-1,84567266449532;0,43109882506435;-1,08078806062024;1,68687722852402;-1,77693433964547;-1,58412111835457;-1,71237529945386;-1,75809942417978;1,43817390399289;2,06293756723524;-0,243502423173105;-0,863993475771917;-1,68085379982559;-0,444790496580968;-0,0833462324745265;-1,96596296944955;0,177135078487024;-0,365514349519477;-0,160054077990312;-1,28322890032494;0,695325035614733;-1,5945702363235;-1,20457310777616
0;0;-0,76911587684069;1,84290221464596;-1,03398652762414;-0,963858193917495;-1,05430094767941;-1,24979891314538;-1,25100180722783;1,47742067817668;1,35057613371252;-1,21120821996913;0,00261333650585006;-1,80638532615205;1,20809539255419;0,018106594133957;1,73600388455751;-0,194383174150424;-1,67667018889108;-1,15408585196861;-1,43800337643831;-0,127157683106985;0,978618295090618;1,3221965544841;0,449051373921219;-1,64580443901086;-0,620504526087077;1,89307335582641;-0,276919796506938;1,46272164597163;-1,24734771925857;-1,32440407635728;0,284726271952004;-1,87777132646436;1,74922074249841;-0,56937311805637;1,6598032701885;1,65367712469784;1,26921822375943;1,38063294817267;1,35031813096751;1,50276460143213;0,41833082280975;-1,72184618197974;0,328456551126881;-1,7890657100778;0,323082877093179;-0,799188539730336;0,621732162271777;0,0391454214737813;0,339079537363223;1,75853567552668;-0,660810442290028;1,85416531458276;-0,0940960723940534;0,534094082823841;-0,204480564985538;-0,105666497615745;-0,71558723128373;-1,49762016062175;1,64229226587863;-0,961728369796776;1,01276681707061;-0,728077519490419;0,615330325426785;0,565542138061337;0,489711441787918;-0,229053409038265;-1,56996013494141;-0,331969561397913;0,343949257654504;-2,0271113121488;0,522044535799192;-1,07165720335471
0;0;-0,456292791987122;-0,865888604130951;1,38245555811819;0,585413375652776;-1,01661430085496;0,151428083199545;0,0463733001148308;-1,7816717389688;-0,756042195294063;1,59780517228836;-0,894680871614169;-0,927009600326617;1,27159543573242;0,421317937807414;0,220223768641593;-0,80880832156981;1,55197308668271;-0,292225296964265;0,274530296035008;0,647715661784851;1,64887361323938;0,220822395866986;-1,48945510737413;-0,873311202973576;-0,299323668852638;1,67193990039782;-0,244506745964643;-1,43112841132836;-1,22590500145638;-1,05419648425193;1,60837573924113;0,27164532982987;-0,788754417810801;-1,56375071389906;0,277964846778087;-1,14118716246358;1,04399971447726;1,14777415210078;-1,00132211824652;1,10200595319175;0,473000601769657;1,40446782217917;1,77843430177904;1,27795927707457;-1,70748557322625;-0,414158609858667;1,1843787519772;-1,88039910429058;1,48989830427769;1,26027985094901;0,0615460916398064;-1,30367646169212;-0,252166598361642;1,76742922760571;-0,729666898725073;1,21736659192729;-1,32582811051584;0,306372147332748;-1,06465756925361;-0,794072421471375;-1,55345978459483;-0,471892902315825;1,33871504226897;-1,65124032480115;1,88391121282863;0,728155578337362;1,75622659726559;0,885951535872461;-1,80604152272969;-0,58798368265385;0,0416737437343276;-1,5451956791771
0;0;-1,07187139093702;1,39253059533016;-1,64263775824222;-1,56820197417075;0,612681347946044;-0,679493302988756;-0,938277650596769;-1,70659495228946;-1,30849082743864;-0,0819728572392591;-0,843564681510504;-0,379115614194313;1,08463636325436;1,28107725086824;-1,26977183030678;-0,453880435336364;1,38547250574054;1,27298376330754;-1,63203604338623;-1,04139806390263;0,533821508691104;2,05498606064395;1,00702051075296;-0,820019950971893;-1,75901898472974;1,83394318480599;1,62913726663036;-0,325130529727317;-0,0418140268309965;-1,5105023766841;2,19692643986741;0,39011064745902;-0,527670998411685;-0,113108229258497;2,20865287660351;0,867355210842478;1,95403267649554;-0,787519742429456;-0,888801339655363;1,79261489409043;-0,310863928794671;-1,00692604182603;-1,11602160942331;0,951963950418243;-1,23683190579001;0,23260635997613;-0,319083422295187;-0,845269404665164;0,471131772773447;0,75330996650698;2,09002281431356;-0,672772014358125;-0,572355630898633;-0,490464516099184;0,344996370449145;-0,850510623920988;-1,44373860866763;1,45372902038966;-1,63843168268583;1,05508499080004;-0,0322837419591243;1,66319970679054;0,611565902201521;-1,62723714399936;-0,002552469446684;1,04267149869046;-1,68069330902745;-0,63150410073197;1,34877120192472;0,139219786510729;-0,131566284171916;0,34374355492517
0;0;0,262492756521621;-1,22827513178615;1,48390269110561;-0,3627081536414;1,27848102490543;-1,85835902954258;-1,4941784723497;0,214357284496648;0,253675544804153;0,577210100566942;1,41773389033744;1,41887983058183;-1,40532842420387;0,975151869940686;-0,944866150787482;2,18187832536769;1,75815855988004;1,16588706610345;0,412802419943675;-1,41012705318737;-1,05716833515442;0,262416335100167;-0,0766521549356001;0,2320367251086;0,589992124608316;-1,39914202285503;-0,952869304132632;-0,0754506736183491;0,0123415074356174;-1,59926957473097;0,0105850561307642;-1,57964759962648;-1,02297633226249;-0,15579858601926;1,20728634982993;-1,33397511698796;0,169406080065991;-1,27604028123463;0,0123679345778841;-1,58111583899285;0,971595491785377;0,283288492447396;-1,17757501444221;1,53735103108341;-1,72944191933958;1,3438472323429;1,91424378661513;1,16933984893725;0,00846997054852037;-1,72677749139802;-0,246834884994762;-1,79413148915959;1,8744119782817;-0,708378852465454;-0,582841313963442;-1,91370826071838;1,06771125841201;-0,661918716142831;1,26663395701284;0,763838365620626;1,31384450985261;0,800606436531206;-1,71176890507881;-0,0608395626047171;-1,34715963770366;1,08359680782409;0,528071480704479;0,969804397077946;1,98719975537331;-1,52467571593936;0,0986875631618592;1,12041415897483
0;0;-1,0922656004887;-0,154387065455678;-0,425039502151133;0,73700450019872;-0,772564954214845;0,431729007247757;-0,19058940922428;1,39164720951688;-1,46476806581923;-0,135424684761771;2,13928857748771;-0,438740950411507;0,723637304273565;-0,365534626456699;-1,62175883789045;1,88185512044287;-1,90300730987863;1,10342090107154;-0,447318973207249;-1,45183183675282;-0,604660272063916;1,39430848915095;-0,997808682793473;-2,18876110899567;-0,153115796130378;0,986675721067097;0,839506761201887;-0,906384824742653;-1,46918444299335;-1,32559687812252;1,3202183789966;-0,668605478036458;0,195739295914475;0,707104606424774;1,07915741838252;-0,377183509352105;1,62362235957286;0,601677220800654;0,62601007556218;-1,86357097059483;1,44102139781531;2,0110337484484;-0,306193554166974;-1,0217345882365;0,743309488981836;0,517548736777582;1,19759409089936;0,851243365467442;0,20764501742793;0,696596170073319;0,361902092105576;-1,5091212414894;0,734921224514455;-1,061432624632;-0,768365686411604;-0,253630761399491;-1,53616187523473;-0,615861885727981;-1,48946319624342;0,473702652958218;1,82516557428603;-1,66378807705415;0,481248159937709;2,09377214054345;0,777300264481785;0,428310562951643;1,59846308191418;-2,36305079472373;0,788251283400943;0,988367999701811;-2,12135073170252;-0,271741202439123
0;0;-1,39063510736607;-0,573260491583267;-0,309095356903444;-0,0677947909660641;-0,325786500201161;-1,78544849370379;-0,343238807690366;1,62558826224653;2,02585281673963;2,19926459711066;1,23958521917061;0,323909162334911;0,740311090329881;0,657002930595795;0,987543242197753;-0,711758909187357;-0,52170381411786;-0,645925824006474;-0,79724825650171;0,143462594806253;0,0143113781179723;-1,6736768794987;-1,00200789041896;0,896832704929158;-0,47441579004867;0,120022768273516;0,643205635406094;-1,53203427893176;1,26841625840855;1,29369247725844;-1,75143666927152;1,52976909127414;0,64708419315929;-1,25461587623768;-1,46408015235923;-0,327744808042297;1,85990871376962;1,87375830869205;-1,4358726819669;-1,0928089031584;-1,73378631170033;-0,447427207488343;0,861481184171852;1,86468108121063;-0,213195024854117;-1,44576749855883;-0,458272570974555;-1,52111215818263;1,86027146275606;0,562571078849368;0,939301368841262;-0,208649219152163;0,11689898123404;0,484564052786403;-1,7917378862511;-1,52323711158232;-1,37753148487925;1,0035546666186;-1,39965788463234;1,76367345997652;-0,219171400658687;-0,61748341247355;-1,44910687987696;-1,07411854423375;2,14442238266724;1,91929885634767;1,88630769762682;0,188648082852614;0,314804199240082;-0,490990833474893;-0,362184894505783;-0,185979394358712
0;0;-1,02457306531491;-1,4847417390217;-0,0125255402054958;-1,33006533418403;-0,381718216203767;-0,690303153890458;-0,726645682030459;-0,855723636320285;-1,22157572523346;0,254674689110605;-1,17954085191991;-1,10285388488785;-1,42998306059803;0,541968283585957;-0,444763677074268;-1,60857422448778;-1,2598993594142;-1,7047834165977;-0,782717321577017;-0,962762061132873;1,28700999286188;-1,00012256044953;1,16480491791499;0,938934917471505;-0,827494736332617;0,0417866952675868;1,71759628002198;-0,00692329158957094;-1,1234789925746;1,37583020376491;0,269127461138263;0,428680358910317;-0,89909437999481;-0,712448344004266;-1,00806465998951;-0,244879680054638;-1,37487770110573;1,56173000465624;0,863300142747395;1,30750610597757;-0,177687406891931;1,45233160457596;1,02475196606507;1,44071574362042;-1,23363476907251;1,65343532967345;-1,40822298831813;-0,384395575450299;0,392794144431234;1,52589692248243;-0,402938868350226;0,159369767898561;-1,51272054504304;-1,21278480378496;0,439275155715786;1,95352557687646;-0,671570575194851;1,02651562406484;1,47540548389043;1,55447117027049;-0,429923352170599;1,25825369130096;-1,49209063863501;-0,619429847256525;1,96352330971419;0,369754870911614;1,77421657684881;1,26044136514808;-0,209813051313863;1,77809208472221;1,7442795583598;-0,843653282328587
0;0;-0,695698845472388;-0,198867565580905;1,15809588953004;1,80245325866552;-0,130924299375487;1,68747362953503;0,34694493288726;-0,605085340051047;-0,404300854709741;0,273565147024086;1,55875187065647;-0,780218524865652;-0,0624896490596811;-1,79776113197899;0,106598700831594;-1,58573222897864;0,776891007491501;-1,10482782115403;-1,46824561506332;-0,522390973815405;-1,82212460634648;1,25572751005019;-0,105470454427286;0,481389910365348;1,14944019898004;-0,202420050436611;1,43077503643719;0,307293626119194;1,84876188507821;-0,800272718351171;1,79282468606515;0,534043612325949;1,74728570064258;-1,45366535956715;-1,13264457845716;0,518265892403475;-0,526854309209639;0,546435410272152;0,167965048758846;-0,493531501507526;-1,27371662711962;0,145024527833058;0,0264446533106483;1,17161764978973;1,64162895460282;1,12106576973531;1,31064250293076;1,84519652630409;-1,71620468874942;1,43634537318388;-1,46045005934151;-1,10735505783946;1,32288812562261;0,341878593578384;-1,04906209462691;0,0229118177389022;1,88094106210786;-1,23517024964377;-1,25886316912299;-1,84038047774734;-1,65517763571062;-1,8722249220404;-0,479509051867776;-1,51590436516703;0,455078634220413;-0,887167970477938;-0,553166052246752;-0,520700518300989;1,30922161973965;1,5626709816896;0,915460253492483;-1,68142063158911
0;0;1,00904320225671;1,33814866050405;-1,04687626345736;0,242412130216653;-0,519169001183466;1,00430088156529;1,13331263637909;-1,84507871435445;0,743764102053028;1,95676154967904;0,35771550239242;-1,42106209827178;-1,14751210701475;1,32564977240193;1,54336523049757;-0,324712164272455;1,96760174323444;1,13848269629316;0,909805149123613;-1,09436281176489;0,116803587668705;0,340985476345982;-0,593845958497526;-1,21560021874214;-1,18686598964699;-0,17351611441034;-1,08528380545246;0,915610109502227;-0,0279057696387094;0,145558967858115;-1,28464264122901;-1,205850631232;-1,3013031080278;-1,63243544291078;0,417132850300602;-1,51949432788064;-0,217591178627886;1,24812453832391;-1,09746613044548;-0,569506473638276;0,151744076498281;-1,18675000428689;-0,12691330861194;-1,1354303466237;0,223976192293088;-0,750290358891288;2,12261338776374;1,82559203959002;0,125916950023632;2,36276216876864;0,106293098233835;-1,33491740166836;-0,826409217030933;0,463180536778799;0,675553013875529;-1,2083488819616;0,055588011129253;-1,70768265258755;-0,447128488008678;2,06866684651163;0,213178079145423;-1,65870408099546;0,597146788569021;-1,27820147367741;1,36499758303573;-0,312840474247907;2,29456074304077;-1,39148327197629;-0,967889685771;1,18645295050589;2,30719874764019;-1,15692940296179
0;0;0,267412491888424;-0,55226985193022;1,14346382896306;-0,742672536174487;-1,64795645193106;-1,56813115706953;0,933873881429702;2,02044750761464;0,00595037772186868;-0,660018359379501;-1,29934926509378;-0,0964652669032541;-2,11230426728021;-2,10037808472044;2,08234230777991;0,581894463154189;-0,00689669834139992;-0,393920437809783;0,787077218432136;-0,540591793212826;-0,318335603288971;-0,936544233423937;1,64549981678821;-0,193542089818575;0,560863757010832;-0,907625146672453;-0,215370769321278;-1,57329613862618;-0,805156811472234;1,65205919706617;0,871400599659084;1,34449700502327;-2,09464875794862;-0,78636412684588;0,657753086067716;2,02831394662314;1,72962226473755;-0,802415148317207;-1,9380051327444;-0,648578757819671;-0,412533403484069;-0,133519946848119;-0,0418460669750824;-1,38597063981177;1,87374934696647;-1,53356167010131;-1,54933022350995;1,30218142992181;-0,0499374782673479;-0,37307414110349;0,870783178586705;1,71669551320005;-1,77869534669138;0,763103153949956;1,4363196405868;-0,95088515428264;0,295630179054914;-0,817835960813362;1,18986355458802;1,75306854251474;1,14063946002508;0,352328140460882;0,670762439491873;0,847291028429038;0,961980888734755;-0,150446422343711;-0,156658388549633;1,167459707339;-0,264731323014821;-2,10081351843823;1,34567204618998;-1,35932342961919
0;0;-0,879104655326118;-0,981804524585995;1,93975131957849;1,8859928325126;1,21361708323382;0,52969483172572;0,102977973766706;-0,357841267456025;-1,73380689590551;0,62367164707056;0,618171971295602;1,65179021247648;-1,60161020822686;1,2604101070405;0,616570585225139;-0,645718390401689;-0,0442041771926073;-0,817961807241273;-0,700470246128075;0,0712554675722841;0,174027397349952;-1,43501145950909;0,366359147839072;1,33659376614844;1,29925573053143;1,21888433416306;-0,162853395270192;-0,42436032958315;0,756889355754421;-0,512204159114322;-0,857482721573294;-0,399089715280061;0,433107776910921;-0,22932882417873;-0,137126031395337;1,05751363761781;0,543459946683106;1,23486541511239;-0,353835267276589;1,51074247218104;0,882823359348136;-1,15738612353946;0,752027463432774;-2,18552236938879;1,47596764777664;0,743959176365436;-0,238089832412976;1,41117115574247;1,00135864886348;-2,14488723244699;-1,49224335004855;-2,07500669856809;0,471080354703287;-1,43890653458751;0,298896047620707;-1,78570057387521;0,712880050517938;-1,73844982462813;-1,75487027607701;2,05577647201376;-1,64905915106227;-1,81426907470832;0,946313099732559;0,839440986151817;-0,860453009414327;-1,32434569148252;-1,12292494249262;0,688762338894879;-0,944071239622344;1,62010067055033;0,871865385858209;0,781974130638007
0;0;1,73763688475686;-0,0184406664491312;1,38840742725269;-0,882891643173039;0,0058575392708101;0,343857487408644;2,0640608815053;-1,6630028931313;-0,756684800065762;0,622026787505382;0,77109561417812;0,695553292132213;-1,23607431987939;-0,997367319204059;1,32950365314151;-0,339508652499788;1,67320867108315;-0,564098353502376;-1,87475003641523;0,072496332852817;0,783965076333838;-0,217860747292852;0,954906252107886;0,489815731709095;0,0896261464113777;2,11628865421853;0,872263225557148;0,593567862936758;-0,344665247658505;1,27252983758224;0,146206362997723;1,58222567500275;-0,828126274702489;-0,0817696826141703;-1,48666937454169;-1,59671067139615;-0,498066065804105;-0,905330147684591;0,53590500858869;-1,71596470815667;-1,4748044085842;-2,18955492257318;0,734385212515526;0,0570804077681569;-0,258048594840618;-1,83302610130026;-0,00882061982541099;-1,95617011452605;-0,32401186161252;1,54745780419371;1,35575160420905;1,95182167801827;1,41453244342429;-1,28480000079238;-2,08662262452189;-0,265659647007201;1,23080513176725;-1,32256558351331;1,23163426073985;0,0937209353765526;1,67574631217577;-0,750664260488365;0,885814404851471;0,174937412676268;-1,74533685454925;1,39302198949964;-0,697477712222209;1,04984741305905;-1,73185522371928;0,705057045480758;-2,06259986575259;0,357381539710828
0;0;1,14012528237364;2,0406458495651;-0,561000510908329;0,803550239831771;1,28149378034912;-1,18239266627234;-1,32586997567671;-0,201878884274956;-0,0081759274347735;0,664737004641262;-1,16349292702903;0,382256173764766;2,11294210710975;0,465023389689114;-1,88095496632892;-1,604469742427;-0,123232478128687;1,02435112917431;-0,512690991163258;-1,25254842495294;0,148001549047722;-1,61833287504756;-1,05249088737113;1,49973649092133;-0,749827540002327;-1,50613953214776;-0,316915011241832;0,612885737759495;1,10611719209851;1,17967330712897;1,9779497295243;1,207992591915;1,41256456378069;-1,08619589261271;-1,23037695408495;1,58900789400022;1,60803864753886;-0,523664599172578;0,740617948636363;0,402300590058178;-1,89718723945626;-0,577419913797647;-1,85983379237653;-1,01912677836468;-1,51239149149811;-1,49242187151058;0,33071563972398;0,141391114743235;1,25606562899384;-1,02052786890992;-0,829992859063542;-0,405037928153843;-0,77041627159034;1,55541810073983;-1,76375112463468;0,717060872110877;1,05173945162591;0,131828433554297;-0,488019505476217;0,746236027186571;1,32708778035345;0,253809721947754;0,884569359010496;1,00471620082021;0,87935271050092;-0,178920083560075;1,16225704536803;1,15774071441214;-0,345996941536251;-1,27739742494518;-1,0199429545819;-1,64096516426642
0;0;-1,67671171556463;1,01711088103428;-1,35640214999866;-1,28470624791088;-1,71419352966851;1,79956946865306;0,744782634858731;-1,26946505025904;0,198942089962937;1,42242658131812;1,25834813571197;-0,0410977260459737;-0,144918380124392;0,18641045905265;-0,172659739921102;1,70239583709662;-1,32718829905501;0,100798202386282;-1,45169508536636;-0,618369133505272;1,79754505798631;1,82419451776623;1,00841712014055;-0,0798638101434963;0,531641615751108;-0,713153623634572;0,144249515652792;0,645703291684823;-0,526889661662803;1,09518257302325;-1,4959647317688;0,319959797906453;1,82866153211489;-1,20877849680249;-0,728051958028325;0,0115564162886354;0,691574791687413;1,43177285714174;0,305310622152411;0,846290394172842;1,08464137652203;-1,20894611032399;-1,58193157723802;1,46780936005494;0,679336234652919;-1,21911870021321;-1,00866578805293;-1,45125674492209;1,72628943514352;1,0415501709911;0,309415852437789;1,30454808920378;-1,72730169831817;1,42557747894656;-1,54150393042767;-1,6717255803249;-1,91983572430838;0,552642313150804;0,0128327893439798;0,828140746972029;-0,273209532201844;-1,8294501420282;1,08660526440973;0,932940169945654;0,989861827884807;-0,990141147396595;-0,0405786051548925;-0,864669368524011;-1,01406706812114;1,64496449679623;-0,9177084397929;-0,929780503190788
0;0;1,82104615462239;-0,384732868598648;0,242159988208971;1,24501111346994;1,66608476146021;1,55249311158189;1,23660188770418;-0,0780843808740384;-1,61140043253091;-0,241667158808196;0,897974785972598;0,38394981249411;-1,09484579573555;-0,914218673612516;0,234322831975101;-1,49805776753446;-1,57219082903556;-0,928467857509802;0,112237576144195;-1,77637995541903;-0,427705380040425;1,48565205282155;-0,743209216871726;1,14765461382823;-0,382168184379194;-0,613254165952596;-1,41917817994357;-0,163727799946535;0,794766019721043;1,88480858197694;1,57588674817478;-1,83707789616193;0,141598964437539;-0,61709158112278;1,69923656556345;0,710519900553372;-0,553650536691838;-0,723459050262047;-1,28174018815604;-1,42956874069792;1,49143849599028;-1,72193862659834;0,670423201647647;-1,85974312932382;-0,679816029117193;-1,05259699921963;0,264290033025348;0,143638174717153;0,868170292459805;-0,358241929545455;-1,15240861070589;2,00575153690358;-0,192571922410505;-1,00410387713554;1,59379724160535;-1,58737147122598;-1,56428922475374;1,13103517394539;-0,295586275177687;0,356573354385987;1,04890571849863;-0,522435885376107;1,16367939896956;-1,45967921494321;0,218975892581665;0,812287109107707;-1,68041472497025;1,55877558495187;-0,576925439611325;1,56033273098637;1,09212256872202;1,18779802079113
0;0;-1,73939859510393;-0,439278360055818;-1,36944145727796;-0,710094981261327;-1,23407100075152;-0,904477727323982;-0,126794261904769;-1,3924656781098;1,24524517263247;0,495635816513148;1,07639966839323;-0,864579302990257;1,19653009134097;1,73495524137206;0,406276716978157;-0,872570255240446;-0,213281336296935;1,46933514918917;0,36254287072166;0,362324680628457;1,73713427645031;0,413050528424012;-0,505989415848222;0,0771101068591257;-0,951357907920775;0,20425028310169;-0,068702691927002;0,572987987036943;-1,43907733566991;0,789159022726234;-1,33762394194447;1,44803161439262;0,618645285037917;-0,35474022757412;1,78507073088411;-1,91976392195109;-1,87732395926309;0,305136237779521;1,68029382004736;1,37594988408721;-0,784373252352786;-1,07926252292722;1,32743093529375;-1,49664356097024;0,534740873295833;-0,0108791629739153;-0,61062654925525;0,687204981892209;-1,66611815540703;1,21701439733176;-0,229987093747409;0,0822000527428744;-0,804107961112372;-1,31605813413295;1,74480654011363;0,0527290282968295;-2,05912706135316;0,75862658768768;-1,88457519048612;0,766856867971555;1,36940311642779;1,50539590288305;-2,07922645958546;-1,66975196723934;-0,292578358687949;1,83354620582537;0,721953563796593;-0,574567798230476;2,15506266231271;0,200202521783677;-1,12108441312292;1,68676057774831
0;0;1,77475746029161;0,945963245975293;-1,29622313372635;0,428295052448425;1,0482410801729;-1,4573901294156;1,51998666095273;1,02128588510825;-1,63893853834191;1,21191676784243;-0,167949130635557;-0,750653868749118;-1,42796271364338;0,526202839134757;-0,154487785722186;-0,482345961567468;-0,17583649693205;-0,691351589742283;-2,33663060243549;-0,729851410093286;-0,218965565165027;-1,5371425065499;-2,47380758272913;-0,372304239317404;-1,44777468010505;0,615016699671141;0,749045394051675;0,651194769091634;1,23574930832705;1,95539966984417;0,476592118146119;0,0650468399661027;-0,0657063491866571;0,0129642336331301;0,0178477139273026;-0,0687652264277388;1,64466270373695;-1,39170851676823;0,713925481045035;1,03836443705924;0,971253389650317;-1,26002884397342;-0,3345325050506;1,9101527411134;-1,04273526748976;0,31086887752735;1,41109602406102;0,879319251238573;-0,717272524585927;-1,53750264500575;1,29011090990239;0,151663719276921;-0,222099103427734;1,27966605106722;-0,804399618442375;0,83133067389232;0,939201535755231;1,06872340233308;-0,604499560395717;-2,04734491244743;-0,21379322672525;-1,61177740108809;1,77817887352323;-1,60169591144405;-1,74524464325288;1,75964632614037;1,30769477717957;0,551715349465519;-1,97221416774174;1,90691973744758;-0,134366368562394;-1,26469727311302
0;0;0,802580573637794;-0,86845235108561;0,551611712620345;-0,916938987123059;0,974515516059886;-1,72441967068846;-1,23136912565887;0,502798044670224;1,31940049814985;1,88424423457936;-0,639182020275656;0,552583225167434;-1,23573162813769;-1,5244802605098;-1,55653344176684;0,853401390829085;-1,10671697222096;1,30463592346558;1,13964334991209;-1,31153227035909;1,3269257770207;0,542418530880834;-0,73785463437647;0,391206911032991;-0,582734947564366;-0,725124339807474;1,30096146157993;-0,382669139285498;1,14909482895349;-1,07107151691283;0,618994208146099;-0,231500167553056;0,804396741175814;0,36726393672097;1,62513117041054;-0,815822472019348;-0,961846770524703;-1,261337184465;-1,76510105483496;1,02534761996341;0,642178442196391;1,28341387205562;-0,75724305362072;0,233427900225202;1,57085817965863;-0,539899188584658;-1,61894003637467;-1,45197262393643;1,55349517833116;-1,23985795611883;0,0789165525352845;-0,678740446356791;-1,01774051866293;-0,298313476672495;-0,100800193619843;-1,53997496725409;1,86416584502693;-1,63973220842369;1,66055952217737;-0,100497154143685;-1,03061757053233;1,14606357536269;1,3484667774528;0,590335005051634;-0,534886983577786;1,58708170901347;1,74295004572769;0,391767996877402;-1,15484786918427;1,25405259198858;0,0151111513427422;-1,645516797767
0;0;1,22826988727932;-2,05773816241682;-0,13769051713547;-2,13643917493537;-0,73978885719281;0,954622484452637;0,722947658336709;1,98691625111423;-1,19102870350411;0,876032516146891;-0,11818155378041;0,471339821320017;0,755928693345091;-0,741931314766732;-1,31063637674706;-0,958769280702203;-1,6644006829237;1,33430610963289;-0,94520244314708;-1,43111081258085;-1,21416834322887;0,183752959887652;0,101107485678842;1,47429839558103;1,96221411162498;0,536238217179368;-1,33056681180404;2,01650506490523;-0,503643260253364;-0,201063001607817;1,70418497113247;-1,85188258642606;0,639205501446059;-0,267506269107787;-0,131719550137312;-1,44198990745683;1,65721867033159;-0,343788578069223;0,87877538895621;-1,25010228350159;-0,694876238718274;1,71058530830089;-1,28886211498737;-0,170716842590078;-0,975720423323231;-1,34019975039672;1,75164348404679;1,99842515846028;0,707080515657928;0,528515666585942;-0,268165011191767;-0,767115922960346;-0,0286319203271817;-0,920240884162916;1,23580816582033;-1,14030096935134;-0,124302448247233;0,422554287131924;-2,06411008671192;0,758516125476246;0,100371399513663;0,740985793279906;0,305741614624586;1,04457749795213;1,20639074486285;-0,45111686409736;1,86667751972238;-1,16138293429013;1,424331435219;-2,05346436603324;-0,581444751185365;0,713931094993943
0;0;-1,46883010138292;-1,62081119607389;1,58590424852967;-0,622232120749705;-0,442628878808101;-1,65418318808165;0,543536047367148;1,40357172853077;1,10243839935615;-1,0300939221673;-0,6072822000597;1,28732730989045;-1,86074058212244;0,565008889307222;0,489144438778564;-0,355019235748367;0,811948491577307;-0,910822006339297;0,999239377174851;-0,682712495965148;-0,192702071731816;-1,80710684101568;0,966159266548724;0,88000551955791;-0,511007744292194;-0,0256177034477457;0,939286623013256;1,79943226619946;-0,906884618960441;1,0106939213802;-1,34920433221077;0,856845581584137;-0,808534273927087;1,33783888009424;-0,957648180592581;-0,0605635129030625;0,0903022430728403;0,216631596009332;1,89680272628614;-0,123719613487306;-1,76968023805699;-0,881487772857623;2,26757302453794;-0,521121116188005;-0,297576150801287;1,62585105520301;1,26219524965781;-1,00029052479023;1,66039117340602;0,585943006743079;0,620954417944443;0,695434622467864;-0,466414275469369;-1,55643030819488;-0,739453488394897;-1,59016733629334;-0,258232233134584;-1,22254534695435;2,21751385303052;1,91172705412768;-0,264731581606875;1,07284201065572;0,382012271565096;-1,83669959795016;-1,60933366588264;0,864610447844195;0,167417507891429;-0,869841232728647;-0,405787006026308;-1,37873612424448;1,88341675066683;-1,33312718035814
0;0;-0,365409196556555;-0,686687454856833;-0,722092402359771;-1,11378801773892;-1,61182387364129;-0,328300894985308;-0,632954584118408;0,294429891905073;1,12964469586725;0,116627910183826;-1,65457723098344;0,927969732952831;-1,40796272272265;0,385147466153174;-0,489649509770732;-1,05564059788256;0,252099736041845;-1,16913797546693;-1,5969046535064;-0,499892159917555;0,428191362794798;2,38179783710962;-1,65263846141505;-0,399738228588847;1,15356154481674;2,24606027736934;-0,720867872798306;1,25322458434916;-0,356677812553415;0,305952062805191;1,81166004963301;1,19826627724746;1,12014128030537;0,130896081722135;-0,636162014269608;-1,45780601823664;1,69317174410025;-1,29929683197726;-1,63811660963314;-1,61140184222923;1,93247986742285;0,20128330372929;-0,934737001356151;2,12510825567624;1,02426540394624;1,94997476351472;2,10333838969106;0,533890318929299;-0,34550176692859;-0,465346275495762;1,39438407591252;-0,915715852514369;-1,4450488534772;0,666950728665059;0,762553476319438;-0,350727987520033;-0,825402323800738;2,07412487237522;0,129129483590482;-1,46140510486449;-1,39878635254596;0,510299877678576;-1,14024562590047;-0,967660697296897;0,70144690669696;-0,456364462084753;2,2043074987936;0,85762024170136;-0,770043849936175;-0,823196821893046;-0,35233329583666;-0,239956762339855
0;0;-1,28839611131682;-1,68604571101096;-0,162785937101938;-1,50019632505848;1,20307982482744;-1,33992465680507;0,719488339568175;1,26860003452578;-1,57385521187894;0,867570032367521;-0,299920713764603;-1,60365033520074;1,0130975099139;0,687593840675387;0,614044672846078;-1,30220993091124;1,41275352672609;1,71568246917189;1,41210054994332;1,63210780871977;0,7156187027433;1,81080949311732;1,77939521785513;-0,454390364165292;-0,524956197140403;-1,66992339558438;-0,453094245450859;-0,403249508712091;1,7428946166144;-0,608786063788493;-0,557849820672009;-1,28076965862896;1,86654266608814;-0,268759735399564;-1,34292295721773;-1,40841450013375;-1,08377531840178;0,337282916382337;0,324092251654053;-1,21237437933872;-0,734839299125979;0,678424454436882;-1,53491593952936;-0,257399064483677;-1,08370256882747;-1,22412158174282;-0,0257121453886057;1,76018111121154;0,82070052406769;1,40076256368138;1,171665648528;-0,555391783574262;-0,298316181012999;-0,106340300490504;0,908472915321573;-1,1337819684577;-1,50001729288964;-1,40712563300106;0,990183508058372;1,1742731603474;1,07859322462224;-0,575992211784145;1,49112905388782;1,000354487886;-0,273310207024881;-0,717881115200054;-1,50476936531243;-0,416872814750949;0,331786737828704;0,323729112915414;1,74698902346698;-0,623259449720658
0;0;-0,456174717309636;0,918818340737744;0,631606597944484;-1,96668501705064;1,72320371901083;0,263398736467162;-1,30631663729407;-1,22841183680147;0,244604474543794;-0,390052755373418;0,713307063682594;-1,62659858358534;0,0926602677143476;2,07559422524523;0,982639697727062;0,192120688599125;0,76540932061533;1,84508798160327;-1,90600507658042;-1,6475451973121;1,3501784676567;1,130158652503;-0,476700192623854;1,90117900508037;1,17195466518597;-0,749162559222991;-1,99042131810265;1,67034775693455;-1,69516983177028;-1,57191868805843;-0,415128333703128;-1,45391168055826;1,69220136599296;-0,00634947754356952;1,8014689089126;0,713183249815178;1,2144989558681;0,858074096598772;-1,02296780533837;0,0283877707842726;1,70170195332181;0,210929873266645;-1,05677770844601;-0,528828953507184;0,609012193191186;1,16780360951736;-1,09879889433934;-0,415704349343899;0,181435843940246;0,0943659990257617;0,734370216391417;0,489645284503459;0,145249911518549;1,47410186938477;-0,080574702682226;0,492002217957073;-0,612647923707411;0,808763180633815;-1,0603040944669;0,464199821164809;0,2456535975008;-0,89832880645891;-1,5414084621002;-0,191643294466786;-1,9830908787393;0,159052287171845;-1,2404643618086;-1,90915671181109;-1,73404114073638;-1,73871000915713;1,05595732050073;1,98567081178626
